experiment,use_focal_loss,use_llrd,use_filtering,accuracy,f1,precision,recall
FL_LLRD_Filt,True,True,True,0.9884297520661157,0.950354609929078,0.9571428571428572,0.9436619718309859
CE_LLRD_Filt,False,True,True,0.9834710743801653,0.9242424242424242,1.0,0.8591549295774648
FL_NoLLRD_Filt,True,False,True,0.9917355371900827,0.9635036496350365,1.0,0.9295774647887324
FL_LLRD_NoFilt,True,True,False,0.9917355371900827,0.9640287769784173,0.9852941176470589,0.9436619718309859
