experiment,use_focal_loss,use_llrd,use_filtering,accuracy,f1,precision,recall
FL_LLRD_Filt,True,True,True,0.9671232876712329,0.9047619047619048,0.8636363636363636,0.95
CE_LLRD_Filt,False,True,True,0.9808219178082191,0.940677966101695,0.9568965517241379,0.925
FL_NoLLRD_Filt,True,False,True,0.9684931506849315,0.9076305220883534,0.875968992248062,0.9416666666666667
FL_LLRD_NoFilt,True,True,False,0.9698630136986301,0.912,0.8769230769230769,0.95
